{
  "rewrites": [
    { "source": "/(.*)", "destination": "/index.html" }
  ],
  "headers": [
    {
      "source": "/(.*)",
      "headers": [
        {
          "key": "Content-Security-Policy",
          "value": "default-src 'self' https://*.firebaseio.com https://*.firebasedatabase.app https://*.googleapis.com https://cdnjs.cloudflare.com; script-src 'self' 'unsafe-inline' 'unsafe-eval' https://*.firebaseio.com https://*.firebasedatabase.app https://*.googleapis.com https://www.gstatic.com https://cdnjs.cloudflare.com; style-src 'self' 'unsafe-inline' https://cdnjs.cloudflare.com; font-src 'self' https://cdnjs.cloudflare.com;"
        }
      ]
    }
  ]
}